{"cameraMode":{"drawMode":0,"name":"Shaded","section":"Shading Mode"},"sceneLighting":true,"audioPlay":false,"sceneViewState":{"m_AlwaysRefresh":false,"showFog":true,"showSkybox":true,"showFlares":true,"showImageEffects":true,"showParticleSystems":true,"showVisualEffectGraphs":true,"m_FxEnabled":true},"in2DMode":false,"pivot":{"x":2.6264541149139406,"y":-21.39289093017578,"z":73.79844665527344},"rotation":{"x":-0.14824537932872773,"y":-0.015725143253803254,"z":0.002362936269491911,"w":-0.9888383150100708},"size":43.03264617919922,"orthographic":false}